<?xml version="1.0" encoding="UTF-8"?>
 <!DOCTYPE mapper
PUBLIC "-//mybatis.org//DTD Mapper 3.0//EN"
"http://mybatis.org/dtd/mybatis-3-mapper.dtd"> 
<mapper namespace="starfield.mapper">
  <select id="selectCouponMst" parameterType="vo.CouponVO" resultType="vo.CouponVO">
  	select  CP_SEQ , BCN_CD, YYMM , MST_SEQ, CP_DIV_CD, CP_KIND_CD, CP_ACT_END_DT, CP_SALE_DIV_CD, CP_SUM_SALE_RT
  	       ,DECODE(SIGN(TO_NUMBER(TO_CHAR(SYSDATE,'YYYYMMDD'))-TO_NUMBER(CP_ACT_END_DT)),1,'E','S') CHECK1,
  	       CP_DED_AMT, CP_ISS_CNT, CP_USE_COND_AMT,
  	       LPAD(DECODE(CP_SALE_DIV_CD,'1',CP_DED_AMT, CP_SUM_SALE_RT),11,'0') CP_APP_AMT,
  	       DECODE(SIGN( TO_NUMBER(#{sale_amt})-CP_USE_COND_AMT), -1,'E','S') CHECK3,
  	       LPAD(NVL(CP_MAX_SALE_AMT,'0'),11,'0') CP_MAX_SALE_AMT,
  	       FN_POSCHK(#{cp_use_sts_cd},BCN_CD,#{cp_iss_bcd_id},#{busi_tnt_cd},#{sale_amt},#{cp_kind_cd}) resp_code
  	from SCPN001 where CP_SEQ = (SELECT DISTINCT CP_SEQ FROM SCPN002 WHERE CP_ISS_BCD_ID = #{cp_iss_bcd_id} )
  	</select> 
  <select id="selectCouponIss" parameterType="vo.CouponIssMstVO" resultType="vo.CouponIssMstVO">
  		SELECT CP_ISS_MST_SEQ, CP_ISS_SUB_SEQ, CP_SEQ 
  		FROM SCPN002 
  		WHERE CP_ISS_BCD_ID = #{cp_iss_bcd_id}
  </select> 
  <select id="selectCouponTntChk" parameterType="vo.CouponIssMstVO" resultType="vo.CouponIssMstVO">
  		SELECT TNT_SEQ 
  		FROM SCPN001_D 
  		WHERE CP_SEQ =( SELECT CP_SEQ FROM SCPN002 WHERE CP_ISS_BCD_ID=#{cp_iss_bcd_id} ) 
  		AND TNT_SEQ =( SELECT TNT_SEQ FROM SCPN001_D2 WHERE BUSI_TNT_SEQ IN(SELECT BUSI_TNT_SEQ FROM AITF004 WHERE BCN_CD=#{bcn_cd} AND BUSI_TNT_CD=#{busi_tnt_cd} ) )
  </select> 
  <select id="selectCouponDownUse" parameterType="vo.CouponDnUseVO" resultType="vo.CouponDnUseVO">
  		SELECT CP_ISS_MST_SEQ, CP_ISS_SUB_SEQ, CP_SEQ, CP_USE_STS_CD, decode(CP_COFM_DT,null,'N','Y') CP_COFM_DT 
  		FROM SCPN002_D2 
  		WHERE CP_ISS_MST_SEQ = (SELECT CP_ISS_MST_SEQ FROM SCPN002 WHERE CP_ISS_BCD_ID =#{cp_iss_bcd_id})
  </select> 
  <update id="updateCouponIssSts" parameterType="vo.CouponDnUseVO">update SCPN002_D2 set CP_USE_STS_CD = #{cp_use_sts_cd} where CP_ISS_MST_SEQ = #{cp_iss_mst_seq} and CP_ISS_SUB_SEQ = #{cp_iss_sub_seq} and CUST_ID = #{cust_id}</update> 
  <update id="updateUseSts" parameterType="vo.CouponDnUseVO">
  		UPDATE SCPN002_D2 
  		SET CP_USE_DT =DECODE(#{cp_use_sts_cd},'01', SYSDATE, NULL)
  		,CP_USE_STS_CD=DECODE(#{cp_use_sts_cd},'02', '00', '09', '00', '90', '00', #{cp_use_sts_cd})
  		,CP_COFM_DT   =DECODE(#{cp_use_sts_cd},'00', SYSDATE, NULL)
  		,BCN_CD  	  =#{bcn_cd}
  		,BUSI_TNT_CD  =#{busi_tnt_cd}
  		,POS_NO       =#{pos_no}
  		,MOD_DTTM     =SYSDATE
  		<if test="deal_no != null and deal_no != ''" >
		,DEAL_NO      =#{deal_no}
		</if>
  		<if test="cncl_deal_no != null and cncl_deal_no != ''" >
		,CNCL_DEAL_NO =#{cncl_deal_no}
		</if>
  		WHERE CP_ISS_MST_SEQ = (SELECT CP_ISS_MST_SEQ FROM SCPN002 WHERE CP_ISS_BCD_ID =#{cp_iss_bcd_id})
  </update> 
  <insert id="insertCouponPrcLog" parameterType="vo.CouponLogVO">
    <selectKey resultType="String" keyProperty="log_seq" order="BEFORE">
        SELECT FN_GETSEQ('DZ') as log_seq FROM DUAL   
    	</selectKey>
  	INSERT INTO SCPN002_D3(
              LOG_SEQ
              ,STS_DIV
              ,REQ_DT
              ,REQ_TM
              ,JP_CD
              ,TNT_CD
              ,POS_NO
              ,DEAL_NO
              ,CACHER_NO
              ,SALE_DT
              ,SALE_TM
              ,CP_TYPE
              ,CP_NO
              ,SALE_AMT
              ,RESP_CODE
              ,RESP_MSG
              ,SALE_EVT_CD
              ,CP_APP_METH
              ,CP_APP_AMT
              ,CP_MAX_SALE_AMT
              ,REG_DTTM
              ,REG_USR
		)VALUES( 
               nvl(#{log_seq},'')
              ,nvl(#{sts_div},'')
              ,nvl(#{req_dt},'')
              ,nvl(#{req_tm},'')
              ,nvl(#{jp_cd},'')
              ,nvl(#{tnt_cd},'')
              ,nvl(#{pos_no},'')
              ,nvl(#{deal_no},'')
              ,nvl(#{cacher_no},'')
              ,nvl(#{sale_dt},'')
              ,nvl(#{sale_tm},'')
              ,nvl(#{cp_type},'')
              ,nvl(#{cp_no},'')
              ,nvl(#{sale_amt},'')
              ,nvl(#{resp_code},'')
              ,nvl(#{resp_msg},'')
              ,nvl(#{sale_evt_cd},'')
              ,nvl(#{cp_app_meth},'')
              ,nvl(#{cp_app_amt},'')
              ,nvl(#{cp_max_sale_amt},' ')
              ,SYSDATE
              ,'SYSTEM'
    )
  </insert>
  </mapper>