<?xml version="1.0" encoding="UTF-8"?>
<!DOCTYPE configuration PUBLIC "-//mybatis.org//DTD Config 3.0//EN" "HTTP://mybatis.org/dtd/mybatis-3-config.dtd">
<configuration>
	<settings>
		<setting name="cacheEnabled"						value="false" />
		<setting name="aggressiveLazyLoading"		value="true"  />
		<setting name="multipleResultSetsEnabled"	value="true"  />
		<setting name="useColumnLabel" 				value="true"  />
		<setting name="useGeneratedKeys" 				value="true"  />
		<setting name="defaultExecutorType" 			value="REUSE" />
		<setting name="defaultStatementTimeout" 	value="5000"  />
		<setting name="jdbcTypeForNull" 					value="NULL" /> <!-- for null insertion -->
	</settings>
	
	<environments default="development">
		<environment id="development">
			<transactionManager type="JDBC"/>
			<dataSource type="POOLED">
				<property name="driver" value="oracle.jdbc.driver.OracleDriver"/>
				<property name="url" value="jdbc:oracle:thin::@10.253.21.42:1521/CPLEXENT"/>
				<property name="username" value="IFMOB"/>
				<property name="password" value="IFMOB"/>
			</dataSource>
		</environment>
	</environments>

	<mappers>
		<mapper resource="starfield/sale-if-mapper.xml"></mapper>
	</mappers>
</configuration>

