<?xml version="1.0" encoding="UTF-8"?>
<!DOCTYPE configuration
PUBLIC "-//mybatis.org//DTD Config 3.0//EN"
"http://mybatis.org/dtd/mybatis-3-config.dtd">
<configuration>	
	<environments default="development">
		<environment id="development">
			<transactionManager type="JDBC"/>
			<dataSource type="POOLED">
				<property name="driver" value="oracle.jdbc.driver.OracleDriver"/>
				<property name="url" value="jdbc:oracle:thin::@10.253.42.153:1521/CPXAPP"/>
				<property name="username" value="stf"/>
				<property name="password" value="stfq1w2e#r4"/>
			</dataSource>
		</environment>
	</environments>
	
	<mappers>
		<mapper resource="coupon-pos-mapper.xml"></mapper>
	</mappers>
</configuration>

